4.47399518225988,6.934193388031854
4.272899005290997,6.211791170809543
4.800323402168302,4.778297370682472
4.5924490855063675,5.035266019921839
4.374642727820703,5.983870398368189
5.097217911226391,5.670448688319404
2.3166090199766223,6.336214648565133
2.113148837850309,6.708218051899423
3.492917964486383,5.2200117473777174
3.400563173744192,5.357388186670786
2.844059794452648,6.761464020676062
1.075815748862916,4.9582770477454945
2.0719423959715977,2.7308719950197204
2.5529065694699393,4.116248305953743
2.4495222660663063,2.3512894976169765
1.759817512979379,3.709344537286521
0.6051144688425418,3.218443833669442
-1.177565505991376,2.547431527796144
-1.2790430602799316,4.115733475246463
-2.601518599926755,1.8545092384328674
-1.3346868945632175,2.0452351518877703
-2.8904414169744723,0.4957336340735714
-3.438853085706361,1.160380150757861
-4.797547641310928,3.021810497437293
-2.521675175795827,5.82246909106858
-3.0635284643637672,3.4855188325995554
-1.129896897419477,0.773236211933253
-1.4031587202051183,-0.8415049232704157
-0.729291349998292,-1.698254633386542
-0.3789902089550792,-0.8775472441020883
-1.8051960743552031,-1.507053417866583
-0.17578666307554092,-2.7780679589979456
-1.419773435723989,-2.87820849194905
-0.8421536651731502,-3.855999283123463
-1.8741792563121362,-4.5263456861203695
-1.9777268559803565,-4.93394338177004
-3.919306443023281,-5.411463426429539
-4.522029600206451,-4.9999673778129985
-2.299302668301224,-2.744942137864733
-2.415075497952506,-2.569659404500371
-1.9933476673673285,1.8082735629745579
-1.1757813660653738,1.0959915889805991
-3.0457033591200284,-0.2769957176907394
-2.061046091920946,0.6537584834511724
-0.2621193004285969,-0.3369324915016524
-0.7655271713417517,0.9041180923937867
0.892043889838412,0.7517407811712015
1.296933149912668,1.0726005352660253
-1.1944140560095253,0.4847858130902265
-2.1176182884156125,0.38560999519989514
0.051985300879176854,2.8287732580738285
-0.5927575190540512,2.6980113638395333
-4.7566700836756235,4.325116874397028
-9.015143230848361,6.067432485226297
-7.812110707121306,5.759510340811159
-7.14456344585228,4.612248124561303
-7.883157836924871,2.867682107016281
-7.362114354804326,2.8720708796574788
-4.512493028160919,5.596947491412964
-6.702327318127926,4.1721899882045435
-6.15426505398593,6.801496374236795
-4.092458020829453,8.594819736041385
-3.698390153226044,11.291966615538533
-4.472257426017867,11.783616165018694
-4.906013779694738,13.074586766501326
-3.6728640403434367,10.618150812214516
-4.0925338345199025,9.685485571091188
-3.125250713728787,8.835846002574968
-3.389949525728354,7.72308152618323
-2.6838115949696775,9.223147283097882
-4.085292644596425,9.114191232368563
-5.003490560775386,7.181669809513231
-6.702897368854893,8.581308977077663
-3.30137584662226,9.250625523100123
-1.7705933991249372,8.677977916121973
-0.7525847123435772,8.050127422063985
-2.973108034887436,8.230811941701154
-4.698107549366784,6.7048822828615435
-6.61321088722749,6.862759470509057
-7.492440005468862,7.76369940262004
-8.371125700376416,8.455375601097293
-7.329389277784266,10.74849169978137
-8.642318958182004,9.76399533839314
-6.7442362243246246,8.37140250905164
-9.342827772404418,7.39044463085973
-11.250962710962792,6.782439904239286
-10.645881932952264,4.1250206571072106
-10.426298223268532,5.280597053298572
-10.69268604664596,2.7462072264231336
-11.365991378195275,4.223052591600849
-11.694097493446645,4.145122480479483
-10.780565415222402,5.533072000798406
-9.818874660651213,2.8246148533476174
-8.729532817750364,2.898416482050772
-7.916493085492514,3.5126998775536378
-7.837725376306607,3.1921433212174333
-5.040602200839727,3.844157399701738
-6.8776050301951415,1.407987816879071
-9.176025727248941,5.446601145414158
-8.55368293640029,3.6517053659262544
-8.611364698260164,6.7011802092911195
-9.034693089663314,4.840753017455731
-7.716272038431639,2.63427726066507
-9.219493036366325,3.091438701887484
-10.259432970982589,1.510759219172861
-8.900531916039276,1.9035379169315672
-7.389173025953781,0.21076843171856496
-6.591314353183822,-1.703385141403741
-5.7162973561008075,0.12296767639471473
-4.868365936229627,-1.9731937710675889
-7.322239833662446,0.130064912282555
-10.366327785259799,1.8965588484568636
-11.967181175567227,1.7553260523122942
-13.55115639471696,1.5098704106472678
-14.167257635990369,0.6942800088883063
-13.383086144550392,1.414612202880685
-13.618611309082125,0.7895963296905044
-15.863062737492967,-1.105387353108427
-14.021443472763819,-0.2929563814138362
-12.227311006009689,-0.14198508436217805
-14.02779817106789,1.095035497301327
-12.639469250632212,-0.8517192643942013
-13.516828127353325,1.080447408269277
-14.494504517022646,1.2130455343351236
-14.96491525238649,3.9113285999720864
-13.971663000243982,4.178194063075682
-15.577144815181104,3.70726330896292
-16.770229798559107,1.9256244547615335
-15.965311973214149,1.5203144018799506
-14.654471538567236,-1.5333489150671529
-15.052293719281842,-5.121309600027704
-16.297284234093272,-3.3803851944811836
-18.64991184746135,-4.114818678226323
-15.678782287145372,-5.590833828121025
-12.678180544672095,-4.678255020881394
-11.840047139533699,-1.7343581417299507
-10.786947821755529,0.4031431860741028
-9.338314288943414,0.24186139376346355
-8.475448010807757,4.367499087271305
-9.268194156236376,4.071393186991296
-8.31948895830582,2.2415396455934875
-8.423836839349287,1.4328347889513218
-10.905210876987747,-2.2246983718812237
-15.425719704796057,-1.870868231871157
-14.244165156774573,-6.682271438620229
-14.334364642846834,-7.346386637600194
-17.012563688491852,-8.117362850370121
-14.475803532805541,-6.8916321255389805
-14.031960508325083,-5.107104787234435
-15.949660875135685,-4.307841247087963
-15.393265583748194,-4.526493447253906
-15.931414781079653,-3.387747070171017
-16.99770956673336,-3.872343657051555
-15.687424676161372,-1.9343450803892552
-15.234605986732763,-2.5043477007426067
-13.453062301668636,-2.525561381404941
3.9777640985788625,5.049457917632177
0.9937012521401711,5.869650830410688
0.5257512406255338,4.626148083831901
2.8273074152659925,5.282767931664851
1.5196070478739594,7.526746831033295
1.5735252212814081,6.81676178497233
0.8174011167179366,5.5950444018494085
-1.6194895595568117,5.472155704002479
2.0495107902277443,5.300882651595024
3.026773832067512,4.812694467074562
4.953172471776042,3.7089274018124687
3.9930237186814415,5.660035565428505
5.098593336167879,6.507324341010347
6.889428934170942,6.222513247331289
4.628474893203587,7.44386168928076
4.0612013878962845,5.257183277976063
7.267961116620107,4.594778946138881
7.8449321698560865,4.203669439802667
8.14680516590467,6.2412251530899185
6.7163746642997815,6.832639874203926
7.551111997248975,6.3053478334829505
6.993498830092337,4.36687152511995
6.447221584196278,5.480649505149044
8.848426948662167,7.88838295121478
7.6985963422387895,9.555693616568005
7.759879668832314,8.979196493969392
6.761564388420564,10.206580566403266
5.944885126035702,10.690446235806776
5.675690722897467,12.642073511077315
3.978373494497638,14.736376693798935
3.678190993971087,15.424029658141873
4.154384791345642,16.34169199836261
3.8237065731298685,16.887225679260947
3.5153710561521105,17.244643571878797
2.3419924212842136,17.50784025581864
2.6344620237783967,19.256057973507772
2.6318157343304014,19.36407036949496
2.470938186959543,17.414919278262833
-0.6306721972864953,16.42313563264065
-0.07994309150765466,17.06253294682096
2.221969617454989,15.514842981863575
2.8611002702242585,14.08037701230634
4.161599191903873,16.05306538495084
4.384971538638003,15.258356485375078
5.42801548908113,16.031290637999543
3.8259671416978946,15.87196527159266
5.344621547361099,16.586676966885214
5.853023876848969,13.3224234266458
6.809613087412114,13.603901935586599
5.284325537594207,13.756162638232516
4.228141149266979,14.551776953786211
4.935983915956483,14.54721861338487
3.5477328060263575,14.490744241687622
4.355190568631702,14.206421684728314
4.712233611046942,13.80924545801707
2.5879521423325387,13.610745212475534
2.1310661670923805,12.18099593283229
1.2493733328512961,11.371682295665146
0.6347181090450797,12.58809633578476
2.111645693617703,13.37248249729411
3.617975982989175,15.569935245606574
3.9542532372289356,16.997685217743175
4.62942944876918,18.433189402297113
2.98903291543982,17.1464442153295
-0.01100671475430648,17.014957342824516
-1.8903792574553577,18.56961147100948
-4.228372540505422,18.727945899581144
-3.724447999026245,17.82018795631688
-2.190055091443385,18.303179579830402
-2.6109600902444194,17.849850810856207
-0.49202360202697415,19.10171339494252
1.2216730533627636,16.753310879630934
0.6960478696430232,18.185257666934284
0.6402037889210682,20.839945572947443
0.5267141239129375,18.86359510109603
-1.4382459341205136,18.674001082468408
-0.1552130244279213,17.107876930456722
-3.0539660489210885,17.350862566347853
-3.2947899980697586,16.212376120063773
-5.177796834035152,16.149687272287036
-6.852252069634061,15.484372169175975
-7.2087750410038645,17.363545282342915
-9.18555512016184,17.463294673057327
-9.174575961034607,16.17646173135381
-9.254177266173997,15.071038561017138
-8.619756464658698,16.551886154676616
-8.805653861284384,15.537208937081301
-8.585335929300381,18.215072024758037
-8.60469084483977,15.089985536190287
-9.020798652946201,14.948040039552575
-6.9229111857622145,14.35771882942796
-4.269798885320073,11.224920180719637
-5.447695735299262,11.139094721931913
-6.066560625789611,10.174610544784915
-6.253425340684811,9.457072343291367
-4.779147787421541,9.84188768612578
-3.7710749701824313,7.244278756419654
-4.101883677426571,6.205924898571348
-4.516581592916174,7.285267355113138
-3.4351697697964356,5.990243514069805
-4.487263268066369,4.382321303573544
-1.8914226788158253,5.369909499506462
-3.4010265644024233,4.556205707114609
-4.86883057374447,5.008616267319128
-4.807518712326881,4.363633092749848
-5.6160515501076524,2.5254554334977284
-7.962698971551211,3.827420992335835
-7.893520035915025,3.8359215788842507
-7.624752189618863,4.625487308988269
-6.176852017035026,3.7313661269376586
-7.4705990335370105,1.418621420103531
-8.344385221702199,0.3809484940041328
-9.708965044713375,1.7609355413331946
-11.03128632247544,2.6357331267534514
-10.614109595935904,3.803305615011171
-7.542598079343295,3.389731429192505
-6.178536139542141,3.6418170302181623
-6.928540527076762,3.7652457515006357
-8.304704231283196,1.2266638756754578
-7.765953370869646,3.261955821418244
-7.849603105000382,5.3207201646834825
-9.037889013982173,3.9388078270015954
-9.062689548589615,2.8880084915146496
-9.4079460795055,4.1803756650694
-9.663996181173374,4.053092449674305
-9.471362840883263,2.168840052876331
-11.70889070800035,3.6069564807107204
-13.56315806181635,5.400658447777821
-9.429369671381009,6.4689940955419765
-8.49621047101071,8.082859925559347
-6.602700201422192,9.39930673589389
-5.307609002601071,8.40565784257559
-5.2815999874285176,7.562578910974453
-4.21563262282943,6.402123765458664
-3.225918083184278,6.088106586736662
-1.189087923438787,5.965686148369527
0.8729220833855611,6.754146684656336
1.6383395520331439,5.184314991255891
2.1343195230002983,4.691129472760954
2.4065387712094393,5.914698422984859
0.5769142949753634,6.438701048576499
0.677741319407235,5.970510675074174
1.3620428394932085,6.905742553443332
0.1715300247082947,6.570894770761806
-1.7772416950647958,6.707408364715485
-3.3973023983505217,6.885812424936713
-3.874978179398147,5.1807405088171254
-3.2496909611537497,4.686313548764374
-5.091035001932142,6.486098909324431
-7.709111910160319,9.072338864650408
-7.921209993421665,6.896712763629578
-10.19704751805538,4.813872003695989
-10.233280017676151,4.806370715024883
-9.878442372671197,4.960281415787221
-10.250784647646794,4.062359635518692
-10.786366252509119,6.129340211173808
-10.827615597502623,5.234752791102975
-8.34243508390999,6.367461970710097
-10.182397350784793,6.672975134173864
-12.12031325042283,6.061933534139307
-12.168867285825101,4.164877758288482
-10.672106144631739,5.238575369624951
-11.110736223793936,4.075720327117478
-9.057635463874401,4.346339071758637
-6.292173419425941,5.403047565586741
-6.500709991958176,1.9099981106293549
-5.4213236793676955,4.161592377610477
-5.5501276939243755,5.941032077873108
-6.614447310542605,5.630598198985232
-6.334677327253518,6.900001502772557
-5.738740435842573,5.83055374824026
-5.767744980950262,6.269136805838418
-5.369253827505732,6.873730964452149
-5.634439831334514,9.116684842662977
-5.852075218341707,10.71995032799635
-5.307969731665943,9.72040867837939
-6.740451228947685,7.660586303223553
-7.684017002786977,5.248823503977475
-10.683898160287248,4.170612896626629
-9.178161165765596,2.700492646556177
-8.766472337156854,1.2407328641258877
-8.789728699480735,1.0240702503877313
-5.868109144104077,0.6143919419607448
-4.148051838904038,0.3674352323355128
-4.48097098526093,-1.694336908683508
-5.6334312161967794,-0.14693978630009608
-5.466501673204717,0.15831111993184133
-2.776584193268702,1.5494753562780854
-4.188913055174879,1.6241455704973213
-5.24323779320543,2.812489287435549
-5.277008537183915,3.475269083215339
-4.6216215901339925,3.4349372828357447
-5.168864143428482,3.9977289254528494
-3.4520962005801623,2.2164416541099334
-1.8629609638262574,1.02917162315336
-2.2822078844226903,1.5960872646838107
-0.6713307150196179,3.3509932046239026
-2.6883933401285285,1.7823840715583052
-0.023795617835030036,1.5049413653640695
0.06061109481129591,2.83367428470697
-1.5722096113720117,4.0059158389104566
1.2584669451097854,3.324012208904894
1.6312739752007617,3.7412523820098307
1.2534575020266892,4.939199204936806
1.9071679434143536,5.131046669453787
3.4883878823955903,6.904796494630136
3.288769114717932,7.980430316770642
3.1673830061729626,9.451301407520386
5.832595250249239,11.096122267447113
5.6411281886571505,11.183688008556913
6.2282188637869975,10.201792870454192
4.5341251044283375,10.598252934213834
3.9586810154826257,11.294489638624814
3.65208969859211,12.170440505714595
6.698644803843924,12.120997432699983
5.0469000849984065,12.43703157360508
5.777360175123922,13.669105178712979
3.2330197703051873,14.237607380234342
2.094019873997702,14.157715250957631
3.744180586746001,13.967603845695722
3.1784859187307357,12.360840631822143
2.095165420478005,12.986258068860879
3.6873431754038513,11.688657908451304
3.4729232684771136,13.01755704400081
2.9475200652037836,9.949354966657964
3.0587432663842105,8.940758134627988
2.404065247944429,6.810732690186708
-0.39208402963019173,6.136983403209992
0.704755607860754,5.2735623368546705
-1.062479718478934,6.397372359937548
-1.0146105479767846,4.896365816037649
-3.1923521645686437,6.100448110913201
-1.3213983946029955,8.518713140826618
-2.257308468705416,9.361385339906061
0.28509237787810937,7.436442807415444
-1.6766378602164365,9.535834812470291
-0.21882765652072123,12.568430234270606
0.794072933168259,12.59940329812375
0.5130593767031111,15.225060879346207
0.9502839792003426,15.15430360841183
0.020344453513599037,15.718689575457653
3.7198811753091197,2.8704615989192837
4.424029929377596,2.62890910334163
5.82600807181898,2.3350815936278937
6.116287911499992,2.1736972870800977
6.277536122798574,1.6007163038417933
6.199251533559421,1.6713072509542037
6.3865972543047915,1.1057743696534956
6.708310417707717,0.9332299793511004
7.574745609455804,0.6167800805991299
7.780998356957265,0.7647508079300167
7.323417590215644,0.9909970227131082
6.849801255933175,1.9556376691666189
5.487170894546516,2.0657661022172906
5.413128359088359,1.8636541831659417
6.490603769934433,2.4103339198098315
5.823029616406172,4.112015337676082
4.987309165546938,4.270280393480041
4.848830263300165,4.182451645541253
5.853148902954508,4.671857951238321
5.351928842923518,4.714023997127271
5.817581261216775,3.9086491116001545
5.9192093627645646,3.0913949088525494
5.856924369272649,2.651771893053242
5.66260308233742,2.4338317411868178
6.127560651674193,2.578557984417924
6.943599795847938,2.9973292856714306
7.192666621035714,2.118264459381635
7.317837680419032,2.95946243003805
7.951718747541006,4.0064898615206275
8.114596275674238,4.298902394101241
7.8954807870809915,4.739655425207177
7.699202170185247,4.772504060419092
8.170169136020611,4.640573038449392
8.951331965766332,4.12779729963382
9.778905456775748,4.151269001576175
9.911904393155123,4.294456834491809
9.83888983100667,4.823560834636836
9.618983440200733,4.2021955659033905
10.18330227572269,4.578324279288619
11.276386401543226,4.989351057557606
11.738134323752364,5.265523169998045
11.389403774962798,5.209447271584316
12.24127210583247,6.249369036434526
12.789163268727995,7.1586242938510765
12.818052126069396,6.647062329117355
12.361243741976805,5.281458990141347
12.661149641085316,5.79296369105818
12.293796661124627,5.367775639321925
11.510732036244304,4.8713657482276185
11.914439531704335,4.75447112648495
11.988775928241264,4.35920029031309
11.99472435451137,4.263048839765739
12.279601475798724,4.90562821549097
12.53278645686818,5.268393331561232
11.884375954650274,5.164087531738268
11.866460796976273,4.327081046071666
11.863343561040017,5.592318025916018
11.886320154126883,6.328802892801204
12.645274457247355,6.867600928812539
13.467714982879643,5.936622144140705
12.074392401952993,5.013626732430118
11.441380735714214,5.036742925290546
10.838335165377107,5.508572719057934
11.960275488094991,6.098763912746668
11.854905640046553,6.269486158165278
11.472436070215993,6.666271384653079
11.072570783658772,6.539096047106067
11.332492875201524,6.697509542741309
11.626657486120108,6.176501420210197
11.7119826893991,6.416561900522416
12.085506340238332,6.873607489552221
11.899183485965857,6.748993794027825
12.516873758096288,7.941677595832992
13.316300199921512,8.296301200724695
13.874487320824215,9.718546600043949
13.947720180907286,8.832613748037467
13.414601395761748,9.978448898578474
12.796537970974423,9.308650613304927
12.716016476083771,8.857767550378622
13.43358285162316,8.567620549004843
13.997713276052867,8.813189159679704
13.772991906190137,10.008866307438145
13.914623271846914,10.613507410104605
13.416212810476814,10.383449012145288
12.939078125178739,10.430196775614245
12.772064959907208,9.855659845582158
12.518425010142542,10.732171983215832
11.942824880789926,10.538750364221599
11.908011522681017,10.18969586481499
11.590977950558315,9.347822649584781
11.516717604392833,9.900826749828308
11.798656918053238,9.634493936518387
11.511925195823022,9.54190445287895
10.56989230537598,8.759391226396351
10.400299627117905,8.280239940353379
10.326764221546215,7.896535518765902
10.00272100673347,7.555413080274411
10.002859717309097,8.335893028122952
10.11594142302565,8.875434575108795
10.684380884714859,9.077901637221245
11.48005709123058,8.288975028466192
11.1534659369282,7.735742988002297
11.198784909685143,8.051636370086591
11.753223658321577,8.343669124516953
11.576995748762405,8.237477978468554
12.013052824289844,8.439690163891449
11.766844149313393,7.9770059419722745
12.37890133253088,7.254089822854598
13.292485631748598,7.815429452910953
14.51900333742348,8.701615693050352
15.115741505174658,9.1763498870044
15.511860521407414,9.00350992574628
14.115716019971861,8.793376503610506
14.362222655027361,8.344205428364926
13.8203732993905,8.917269977251735
13.998333915189137,9.741029884975886
13.342615124612614,9.789065728474775
12.88561206637478,9.75811407010425
13.235151067762654,10.01365571913201
13.241969425377658,9.443491201623685
13.531629862506469,9.44544316052924
13.531807732862552,9.252653504472105
13.52121221050601,9.022868771759473
13.863335389739161,9.486570659041474
13.89605753849299,9.817671385703088
13.87956350115945,9.69308533807252
13.717236417588031,8.409099707176484
13.629705069373397,10.769031727845451
12.978756503473354,9.45949900971058
12.480114508902247,9.068139811362384
12.158975032675295,8.128804244022001
11.445846561071194,8.328358911933146
10.529499919558882,7.77475559877424
10.549634790937516,7.235695075400173
10.335116642451181,7.18288777577957
10.66537432746191,7.27086245281832
9.810762992252908,7.3297966161705785
9.853880556703796,7.546265862447422
9.23801075030988,8.259755418872405
8.495618247470173,9.071538920520528
8.22098001959778,8.406319927791348
9.80946711363646,7.919234729132144
9.198308949529698,9.16687338027447
9.287180695135051,8.927632536569032
9.332519838169004,8.456805863951429
8.665949403327602,9.437389874407472
8.186003130517662,8.9388512833555
7.227735699406616,8.66351254021728
6.226388267367644,7.746673790496121
5.290776483258223,8.166216797426298
5.612188931445768,8.624787952315007
6.637792960936098,8.649397874299105
6.221000220906993,8.079379862171418
6.392403000060741,6.644126995781903
6.761813631048899,5.421053188473058
6.82335448066576,5.642786229474355
7.1068228016376445,4.994477711430875
6.849687372010285,5.13370946044146
7.04420388220246,4.682205088108888
8.54352531672702,4.712948244898096
8.300897295029984,5.61866628399218
9.044696324281393,5.314668328890659
9.524028751936834,6.097807085903247
8.023409045011771,5.658555891463285
7.717971503489488,5.68681141214813
6.974067276534307,4.312381681240467
7.553991636619486,4.244918711597151
7.0402399329795475,5.104224197716263
7.808105415484787,4.7868639941442765
7.713890973514684,4.634635387982995
8.338686495006646,5.863659028099135
8.446117306976982,7.052684457067299
8.43338751909893,8.087438809794524
7.961100311922353,8.712344517855477
7.943216851311846,7.814205655392904
7.6978523955887255,8.035838351084406
7.442179692042271,8.095968811242379
7.493512554956717,7.488502003022965
8.884229046663796,7.765464940743788
8.996767139365895,9.061286875676409
8.937680010058125,8.55943543351019
8.270652126350582,8.490146096058089
8.528787623575703,8.407337182879782
9.078007323205174,9.095669800528132
9.715514111129238,9.159204069321268
8.869963238622896,8.817960933212701
7.77124700234438,8.434068791385616
6.312334666680469,7.81436650371917
5.992090854259846,8.537515954438488
5.833613215686552,9.01594502275083
5.786836490606714,9.620948375100246
5.701114847120403,10.851490423043597
5.821574741120249,11.538181207339207
6.49621955234742,11.936931904437797
5.984594407818508,13.666103264780313
5.860398192727262,13.019531444483627
5.018201887170533,13.210659769927702
5.942095229919867,13.150038449134597
6.454395102976823,13.939710108584173
7.1631324113728025,14.180182908046547
6.362276544366774,14.495829150924378
6.706288618555283,14.492208738866749
5.881345087475363,13.550873283051299
6.375734328856023,14.14181716642449
6.695662957917476,13.778236452629637
8.18293751121374,13.720315856218567
9.4576372692999,14.482115939638495
9.370840402132322,15.780286306401486
9.789292323898344,15.543487651973287
8.749755287740872,14.844062092231297
10.199384691032298,14.379095518072104
10.643822221768316,14.345866415521886
11.64202321125918,13.721488946568256
11.053759665695562,13.19192962277002
10.40167659510187,14.275175088944676
10.822187455207224,14.989946330319034
11.510894450512591,15.068358114574101
11.712140395758018,14.243865072568202
11.163882988429174,14.098921576458421
11.684403134900762,14.486695969150096
11.724879046598689,14.499999450435764
12.268181822850364,13.929839475701261
8.217683917083018,3.20830943333648
8.257996087696272,3.5660877550484686
8.080787418975044,3.0530997549943826
7.504538671257279,3.419365332785405
9.344701727465234,3.979595271027001
7.023819917955512,3.929546912585248
6.478071012878554,6.836189429688785
4.843267431261445,9.02479792819648
8.033757134661519,9.470480590824565
4.904769084066455,9.540544040741773
5.518054841826085,7.1768508100296815
5.102282568940912,6.859880105210375
3.3803300523074435,7.072228204239449
1.6020979661564043,6.494328122611992
2.4748838579747763,6.167538961326879
1.623893894383898,3.1048604865404132
0.36337340707639654,0.34466029917592245
-1.6955903386932134,-0.7267907439255956
-0.43897111298398706,-4.713052142539677
-4.13466450572051,-6.60035011881066
-5.863214597212965,-6.611717822541798
-8.314461623415253,-7.450097852195546
-7.965468271635468,-7.808635645567108
-10.48046323792299,-8.551847507525554
-9.103109752355307,-9.640327463331143
-9.819511486337804,-8.928768479431621
-9.887303557982634,-8.321864277507517
-11.666538317245143,-10.22818437883228
-11.294518860386235,-8.938083394165606
-11.987592115352122,-8.618660584531105
-11.57192874584649,-10.406395483446783
-11.621198364343583,-8.828361837241902
-13.088705463724859,-9.837386955626126
-12.638054963075245,-7.788245706039797
-14.084720419299853,-8.27375523467771
-16.405453392349536,-12.648466211149685
-16.479704427464974,-11.744202078074192
-15.914013973566545,-10.54145948163391
-16.199550382236673,-9.449962157933498
-16.967550000985227,-7.097996909242683
-17.638857049147063,-4.431808615020704
-17.790824017590907,-7.347016479153948
-17.68045988839983,-5.5503756590655025
-18.12849788844258,-5.667869902939652
-22.721172093202718,-7.076449770042169
-21.453207411332112,-3.7217621655772843
-21.736193826316967,-4.711800360534327
-21.17854731066629,-3.5407136787747
-20.554156668122854,-6.105809126413397
-20.542979586863822,-6.598283957640343
-19.37711385445231,-3.118348524755958
-16.946914707986824,-1.2356876784785162
-17.21227642757022,1.0315070424100938
-19.196184598385763,3.4840940653528776
-17.55710757364168,0.5216535793264021
-14.72076995167993,1.0842281439691905
-13.00788352965421,-0.3045265048903749
-11.902575290339293,1.4787840583559206
-14.632885477731676,1.6263554387429577
-13.842456995975283,2.8247370023101124
-14.153493889274422,4.632252217687766
-14.491575039682699,6.579342460755979
-13.108627306871261,6.604010921672434
-13.757182730661906,4.48704713729698
-13.19026914457701,1.0205806678038223
-12.08573101725751,1.589641567846399
-13.595948578318621,3.636816491295984
-14.780364218147025,6.152772322704755
-15.447986434154586,5.0025586809667715
-16.525673092381535,2.717663793785417
-20.130507726566293,2.593309909460611
-19.00410760995195,5.477120586843983
-16.237476343928584,2.6290759034001976
-17.807239111293725,7.615990884895063
-16.877161760898133,4.740138074921403
-15.778694051510707,6.527739540766886
-15.760236625871935,5.501114989613635
-15.5597424856466,3.9953398451229414
-13.15168772439113,4.129573196721271
-10.524136418324558,2.9043137027044543
-15.00420504763163,1.3227974500319373
-15.36203622947197,0.07945374572223995
-16.258873942448687,0.690356395629024
-17.703149604446466,-0.03835174707648581
-14.094376327455127,1.8705970919700927
-14.659672976479778,3.7433289944636936
-14.591979919838002,3.577353578755513
-15.182620782614581,3.4703628768856785
-14.096284267077017,4.399816667068126
-17.246898858866018,7.351797890154939
-18.15363818100938,5.869380056664855
-18.869321194405185,7.8563960326398306
-22.704330788114238,7.3802791431929196
-25.96163477099728,4.617904614816376
-25.476984868872606,9.73435267227406
-23.99289399840029,11.603235690994461
-24.91464715636459,13.078604669679102
-26.196350336838755,13.430694944269876
-25.77686349024134,13.841038370830828
-26.5175264991147,15.075079335693925
-25.44592239662431,12.89200341801781
-25.743814011128716,7.619745675870158
-28.241742738838557,8.738262399227551
-26.07283262718388,9.979946467170038
-23.861017798854146,11.024043371007494
-24.026006509231603,10.261055288037852
-23.184638393243794,6.534952392101756
-25.501640951500633,7.457922522549474
-24.699429340926397,6.7682263625048495
-25.065844985973456,6.6172079755242645
-24.36296547902237,6.051935943823291
-28.672753123664172,2.3499322615130804
-29.917268483048932,5.759280808991269
-27.882112372293605,8.512918406159386
-25.202076576744545,8.29277274294508
-24.033935305953776,7.218740743985304
-25.577206869198413,7.759042512765216
-26.252000380313376,8.702561119996782
-24.889058957241048,8.709126381039848
-24.16575524529978,7.850366604058035
-24.88704332413221,6.205766054119609
-24.981229268489972,2.5241276409299105
-26.898919253385156,1.7625772234501396
-25.690480355767743,5.163133956972867
-26.350172930412107,6.13202992470733
-29.263614359826327,6.512841145087774
-28.19225847966836,6.80476310519398
-27.181832267711357,8.278618057614715
-25.981161298739615,6.90868146832589
-22.554891048662878,4.1127228645920955
-21.55957674466719,5.743208092295068
-23.336912484018715,5.815861972518423
-21.708261858317034,3.0937375661377495
-22.178999254412876,0.9369674080557013
-19.178110852678273,1.2753590866511768
-18.97773110014196,0.5260405556817457
-21.480365379453076,-1.3922419305630243
-22.565255435593823,-3.963402694452447
-20.833124252410776,-5.7560097566546435
-17.465251010330938,-7.338028356578004
-15.332083122073385,-8.285089442230852
-16.40707024208897,-7.957009724746324
-16.31587409997632,-8.339280958071795
-14.862060575343019,-10.194328653303257
-15.055124595235652,-11.75712417106143
-14.642335134584238,-12.902673872977358
-14.04166017377896,-11.366912287996655
-13.231090430337527,-11.636486385181673
-10.509386028290692,-11.36142393578056
-8.2714562890931,-12.902531146420026
-9.299374607098729,-14.18295291505413
-9.997327257541988,-10.444457920821252
-10.320089411948999,-11.428630831198758
-11.354660505247304,-10.595090099605596
-13.568228785285655,-9.844152497073274
-15.230396123442361,-11.17335240023871
-16.986025168523515,-10.039152418116288
-18.11325460164126,-12.391300051680037
-14.679290246934169,-13.435518867084747
-14.759608230056312,-14.126531156050085
-14.865480126852383,-15.547939744556171
-14.12055024479987,-17.1719796081399
-15.58754940209379,-16.346624767563302
-16.24991472925853,-18.540546838008
-15.105102856182286,-18.619045284856732
-15.506881513478135,-18.343705998437304
-15.579735991366805,-14.982527592587664
-16.240360571236344,-13.31344192539122
-17.040519646831775,-11.761476731477474
-17.824719943162275,-10.731834575504276
-16.94583593514033,-10.58758454287261
-17.73174423070527,-10.416751615907373
-20.15877782571078,-10.42001307434452
-21.066833645205755,-7.620562074046986
-20.92872656632312,-8.091922518162097
-19.30047726844058,-9.075868346705937
-17.95492517633988,-9.220207411849941
-17.80383040061017,-7.145289369998498
-16.872110793303897,-7.142373205826459
-16.661768204872697,-5.158733880820416
-18.239317099049316,-5.837697984037435
-18.59042291981738,-5.6021769870296065
-16.142556476063866,-6.341051151358192
-15.902484308099423,-5.94646797929722
-15.249549010451735,-4.851814754748301
-17.542467661978307,-5.458289039606189
-21.595968603035352,-4.8243540664356575
-21.526890996285395,-4.681133617204586
-24.387350861892223,-7.047920247833959
-25.22224146869534,-5.201099070981908
-25.980412095509053,-5.310215293958901
-25.002382692104646,-6.6892395047047
-24.40998974389887,-7.184808673250337
-25.416978617716335,-7.311875321305923
-29.222096411841825,-9.595513609897544
-31.65632526273418,-7.940309849665155
-28.78303940014953,-10.101523128813733
-30.855398439150868,-8.331496386157765
-30.082003320458522,-7.793833005232097
-33.55322706988146,-8.83915207002835
-35.65911291492772,-9.130793105903114
-36.23146057659941,-6.501409671229442
-37.507351085051305,-4.843604291821642
-39.064997282089294,-0.6764169658953962
-38.12972398672794,-1.4715892793333456
-37.759287963604415,-1.2975460224626019
-36.61959380313909,0.3976266791808776
-37.211183527358344,2.6969295311324384
-36.68131384887002,5.24672045077736
-38.560856641099775,6.498330267548123
-42.720083018621956,5.614567307134161
-36.36062339599751,7.95030969510954
-35.12424999795107,6.2501539406161974
-31.306243669795023,4.788544617541172
-29.31919042041495,5.14305115181097
-28.96664379627059,5.490234987526668
-28.158468722394336,1.9609969918359536
-30.221819750062842,-0.16501292309424986
-29.507220140071063,-0.7413314979923193
-27.79329948638295,-2.645695452067608
-22.946919057679715,-3.843808887336204
-24.095767397043286,-4.376922281161604
-24.03976411875409,-4.69990037562665
-21.01795675075845,-6.363662539717051
-23.638297355709728,-7.315894022546855
-26.185997405348697,-8.619446801112836
-26.36629091599751,-11.21850451952848
-24.612972434450924,-10.993582921565897
-24.572481471487247,-10.57213361555944
-27.45255157160136,-9.942586823292082
-27.7122053642171,-10.028656818655094
-30.57222214914514,-11.993088184094384
-31.82034134719984,-10.98188484579215
-32.11578954483211,-12.117555360173194
-32.880895732292764,-14.334674232664888
-31.758563586185886,-12.0729032177986
-33.16554022817968,-9.549496426695617
-33.00420795464894,-6.200476982590596
-35.42034890255166,-6.449748439896714
-32.71385725187624,-7.033675041611147
-35.33507248898235,-5.245324490855291
-33.79058108288408,-7.718020698411056
-34.85670695557479,-5.206739613045695
-35.750399130711315,-8.727367656858545
-34.82773168207895,-9.331139124189566
-38.773353638058154,-11.332643963933346
-39.83491731019755,-10.02438549988036
-37.92042562264903,-9.668413935880979
-38.679999946430556,-11.915061440837379
-36.88269576473692,-12.149865864465106
-37.724726319428015,-12.73440186669973
-38.44441663791165,-12.202719162331942
-41.081872919689005,-11.536349947008365
-41.60924160040492,-12.132108998319097
-42.146431270433126,-14.81560141516497
-40.14413275945944,-15.06893911944359
-39.130152106453515,-16.252793332659664
-39.72475004770979,-17.840564937106304
2.78388734527336,1.016181977889674
2.1292847271936797,1.7089048851316475
1.5124087218787863,1.7577119608464435
2.4794646230665647,-0.30686827671165884
3.0912069726909897,-0.7634281287947504
4.206915586430716,-0.5770390519481172
4.677533828175891,-0.5454889012044086
5.433943578616748,0.5569358692605393
4.069846568903207,0.9366091320897497
4.109660968934539,1.6982752630825733
4.550861539693546,1.7064298820701642
4.852958820673691,1.1076741958836793
5.597545972300923,0.2255806384982042
7.577511602292308,-1.307282940055804
7.833909440382044,-1.1334997661750819
7.916119405194312,-1.1083716437704634
8.099467836990488,-1.18729043172645
8.44800783114965,-1.3210086251380864
6.582209634267544,-0.654284586635903
6.218244754115873,0.10404616235008524
6.458956129844299,-0.8140348480878395
7.470697432426077,-1.7105224617689747
6.352364622925883,-0.7612865327024017
6.402359002708157,-0.8980947904118034
6.000247433236992,-0.09401374267125018
4.467911679212353,0.7555620382046309
4.540380488454661,0.34444432949188747
4.613645506684444,-0.8412908151663867
4.086466696285671,-0.39348128436483193
3.939810268747101,-1.3445950852849278
3.2893651379846127,-1.1428023229271442
3.890696767207648,0.17581956831876022
4.191603601250986,-0.16271980785893791
5.11133022144339,-1.2161046970276055
6.490359695154886,-1.3545512395632293
6.32674467373972,-0.8347072810608459
6.734481632955071,-0.7726627839469369
6.489301798310952,-0.6013777418933259
6.3365106781025515,-1.983552518295258
7.029984319331213,-2.3636531026780654
6.558281605903741,-2.363885648570563
6.223586787744859,-1.2776770187384408
5.441226863133015,-1.7044459159372056
5.382945275080502,-0.7451301275429445
6.658615071593887,-1.7619505219772873
7.18384325402472,-2.2500989017726947
9.285827462501206,-1.5674658253553087
9.156956083199203,-1.237069441920528
8.82966247072778,-1.1715467897343945
8.010125359031145,-0.4305691715347094
7.382864597926012,-0.7744173907415577
7.35207775396886,-0.759810453812516
7.407642679496871,-1.4667339212520472
8.3196021541781,-2.5353171367676604
8.756657834488779,-2.22477039720488
9.017057015265934,-2.6807525744739475
8.887717026216237,-3.11314383238677
8.495601580118112,-2.740272514728111
8.39404258839856,-2.932224177902589
7.981715787311475,-2.9788980373274407
8.096089342537384,-3.3648719344780007
7.915599312936831,-2.5318643235576825
8.175112308959108,-1.3526036754589368
7.8646339758779265,-1.7613399371922485
7.738372871973729,-1.846629690949496
8.254154950663686,-1.6554746554549076
9.66227457476184,-1.1230105436228415
8.870689774637375,-0.6971306704064737
8.067483901637164,-1.113688521088649
9.994860957302114,-1.6955957949257245
8.711856180814618,-1.5098319540720024
7.796911877183733,-1.575004268396052
8.117789191737955,-1.3880023470949592
6.680785112035606,-0.9453447022134998
6.5024846958742915,-0.33850222952396314
6.033981685011667,0.37320620738728427
7.45120921528061,0.9120120625691959
6.990529849652078,0.013628472324801688
7.4528032581594506,-1.4897239835411729
8.16200298779524,-1.6992773642399663
6.779245481392848,-0.8065529057595138
8.155280113631813,-1.1527054547923012
8.28531260548781,-0.582342191353967
9.215886293507568,-0.42081608471689264
8.947754946860512,-0.44140551433367164
8.821051347161196,-1.2856546616220028
9.400229838228551,-1.9940225113882102
9.929702521673859,-1.1904915309904092
11.843213353984195,-0.47433824890220666
11.481540767386848,0.7393919061595663
10.163131309916011,0.5656225704025689
10.476627326208138,0.34422524488166817
11.63778527295589,0.5308019446691976
11.767790388409594,-0.6098803368039976
11.333043582364933,-1.2016014580325267
9.551378676581953,-1.4448656906757353
8.221171779629232,-1.0117088573172255
7.739910143126822,-2.4847380525762284
8.397301645916354,-2.64955141569549
8.872078106499925,-1.2305515257199777
9.85204267094394,-0.6228386193261961
9.68188103108944,-1.5463422233867834
9.991534562928598,-1.500515352786998
9.104244812649078,-2.320602711599243
7.916345517946923,-2.680860914594002
8.758765858703757,-1.4775826656019349
8.583065176383794,-1.0185377724157187
8.341468144426658,-0.5042602881703016
9.09323748109438,-0.07076747663991839
9.492126087389952,-0.2340074426248378
9.917008085988819,-0.5177910721963978
9.690014260766624,-0.04705518964238936
10.060661077352881,0.41228391265660197
11.451122962624352,-0.3959818093348672
11.91119343594459,-1.3083832153625912
12.824206182701761,-0.6834658322700583
12.338073845637377,-0.7111059117478984
11.525251737581815,-0.5555827300374319
12.02520303251027,-0.36007722768216166
12.03573489342151,-0.5200597550156105
13.08322717013107,-1.3825490264047333
11.833132309486636,-2.3492894365758774
12.869913513541727,-2.587877938603125
14.778437363702023,-1.198017747418199
14.413360368664183,-1.367729802540204
15.207798714092128,-0.7203479177320081
14.209863950566012,0.7150192683261402
14.032935754391723,2.364316793479486
14.270405558947791,1.933565532019534
15.247292072698503,1.445289405132859
14.108266854985805,0.7840626485792508
14.257679457069212,0.8215595733738996
14.115715906203167,1.4241364169815376
13.328121200217637,1.8389281145915777
12.922731504720673,2.8096561225130356
13.161720090845918,2.8547687079564734
14.088406762273252,2.612069306521139
14.18217960234168,2.4228729361778796
14.14200553693701,1.9853204976635634
14.47747388668631,1.8899268730229273
14.821199528675487,2.1951530795398777
15.579258002468146,3.426147955718494
16.674503342502565,3.0588519311006057
16.041676317108234,1.7986943531268307
15.929274620675937,2.360242083805015
16.180341319874756,1.3183613228517004
16.91710595825849,1.6010692657111063
16.01783941171908,1.7753510672398807
16.625259177967543,1.6986583436272615
16.611948716036796,1.6101385186714583
17.45592236577065,0.7453854924853239
18.542533294447054,0.857015769819064
19.216999061208057,-0.11246674659098288
20.140489125875536,1.3275082302533567
19.0729369176942,0.41584619923054955
17.825856939225847,0.5224047566678955
18.796919282302404,-0.19859447597998425
20.03724333994353,1.1056163559744079
19.996751732458744,1.0152424830309326
19.8214157724318,1.8980632612380923
19.34988381648919,1.0000455908894759
20.18902747101634,1.0236493825839375
19.5835673972605,1.3450590715780317
19.967577474244262,1.3872516435968512
20.68340560624135,1.3090120986760245
20.679574517495134,1.7213444590596017
20.185912192050687,2.0622393996750117
20.356944061677524,1.6708708148489753
20.103168054185698,0.6345637192224751
19.958241649292983,0.0182678159111046
21.214266078867745,-0.8765821202033217
21.377837928795905,-0.5752823176539072
21.987699789166204,-1.8879419520348844
22.37924454488852,-2.8159864193352324
24.717689490528077,-3.382008541122749
24.551433034779222,-3.8090126363938532
23.727817855543094,-3.965714506947942
23.65355204953635,-3.4249530312778558
24.248467274153914,-2.3795818773051165
25.898833427264712,-2.72055872685481
24.23583935975649,-1.140735670024965
25.370615648837624,-1.7035010569517235
25.424623342914035,-1.4994441883583165
25.045120108464584,-2.4422089574858354
23.57721581814169,-3.736503245828617
23.508118449144888,-3.679752351843472
23.12254071186443,-4.754903923377576
22.355443614048472,-4.615021402092184
21.914586392940116,-3.793088642658741
23.373871549048435,-3.4471199708320306
22.86288676326106,-2.032894982641314
23.87949783258259,-1.6421383656939084
23.64495206221109,-2.6700420130246725
23.724133933412343,-1.5410786831316778
22.97260682497594,-1.7160102232411776
22.06934738666071,-0.8366290320213347
20.45956173401854,-0.5718444376343761
19.786105863943906,1.1873699147032752
19.522656632928285,0.2874709602811517
21.437712478052426,0.927428615277157
21.6430381969922,0.9890422382032298
22.269137326445808,1.4407641203386703
20.989692784564383,0.9327660282193068
22.2932736697844,0.9142417689923561
23.438348848959222,0.9984058353711318
24.310778190778212,1.576180017433944
23.437278347262083,1.8985627740077353
22.867549692840193,0.6456311949388689
23.374874485082476,-0.06867033040209602
22.967683453685027,1.3305880139138635
22.759186506599452,0.6375027755864762
23.996105526673237,2.202803732362577
25.922326276891674,1.7917402609680475
25.978591912929513,1.3074044016996627
25.235092256329725,0.11200557526972887
25.91857244112379,-0.2457606523524894
27.613877174546875,0.6356566379972601
28.83769098886582,-0.46171495151423403
30.14326515623468,0.051657400146966626
30.137004503717275,0.25966219130586143
30.84139801010003,-1.2458316498359552
30.15297128073754,-1.2525370754882963
30.398110928417957,-0.5221189628043686
30.883579782733893,-0.7943266461280315
30.773060496719527,-0.7159477233642086
31.827386865823772,0.02622529002076124
32.478038698381255,0.8289659385290326
33.9714281919124,0.8610953051327851
33.20243373423416,0.8573819497211835
33.0298050111533,1.1399750311808554
31.4543106474868,1.9746782542657595
30.603093555785435,1.1610212223193699
29.610472230884373,0.949555777486715
28.374002886526185,1.0452319009810216
29.234502035043693,1.0643311137019105
29.201184232972874,1.8702218461754532
29.102737515486005,1.310866311560386
28.82723609349476,1.2947778442030111
28.721569441984446,0.7566381347929151
29.706021669730998,0.23534622018213414
28.876591792380797,-0.44581650573215614
29.30584070099588,0.6027306737806208
28.710353322583487,1.3735465793503103
27.582472268141633,1.4278747108134584
26.070575827386193,2.24323881392939
25.637860961641177,1.781098781909562
24.90413650658317,2.4519164722554367
24.8848088747718,4.062502930377004
25.619013266396674,5.042571915349011
26.29202086784444,4.789210798884148
26.387537630307474,3.8618104097387156
26.458435687151784,3.563859476921976
27.381704274372225,2.6727350249998434
28.180652432271334,2.9888868106281414
28.774959052328832,2.6946017639142243
28.656064194393732,3.9917115299024157
27.407041375149614,3.1341352445115604
26.481778753531366,2.934699566146705
26.329075868220333,2.4285555824894747
26.63111361940799,3.6193520620523154
28.101296358651506,3.63768047936064
27.517291592036795,3.1332576380265085
26.95164421848455,4.691288096394888
25.85639815755503,5.215049355934003
24.902368599857798,5.769441538676657
24.611644548202282,5.742084624766188
23.840268376459235,5.226969372728936
24.021793805576117,5.797532536823229
25.17482272292386,5.258198577527351
24.292777354337026,3.7062354716273767
24.30980428725641,3.473794324133233
24.1076148283997,1.92733280333569
24.320898355252318,2.2681997397917844
25.76292056840436,1.7102856063726612
26.41896551164052,1.3733815502564166
25.91990136690919,1.4347178969130836
25.520818439830407,2.0895578390823717
25.040915061820904,1.8495938162411811
26.056918693125446,2.6720769760417697
25.318734404132076,2.9560077439956305
24.443218373190984,3.0811901296900692
24.186228865579757,2.518055055256961
6.4381994332762,1.905432839637221
7.377186353650806,2.9963954330589004
3.3165698317436494,2.0552008878178567
4.969301152459305,0.6388883054521499
5.192971617273556,-0.8247935704707123
4.412281923776982,-3.733880690442157
3.994079530664503,-0.4067637476799293
2.5615657652854518,-1.511749734011431
6.306580866409919,-2.09266616154414
8.093995329189951,-5.012668158990593
7.287652892787572,-6.721555521662518
7.75441405033945,-7.671669209508605
5.677251114575155,-7.217388438364924
8.305924326228554,-7.560428158924336
5.1949925932720875,-7.945295146789027
1.6659661593253445,-4.415143199362889
2.257900786398533,-4.655417911160259
-1.4980216505060628,-2.2495602134861628
0.20156149273374324,-1.629536685986742
1.5741131120115621,-0.9511459844100938
-1.0593343233926793,-1.1461645253992723
-5.315204604904295,-0.8231984103719527
-8.622968306523823,-0.4789622840617481
-6.711206474396503,3.236765736096994
-6.8732028966386975,2.5879226884816884
-7.1145212413711905,2.614611353638952
-6.9652363020042944,2.1136657642506367
-5.545591415858736,2.103306025233659
-4.3225786364969085,2.6654781115917956
-4.23168193209673,4.749910844007169
-2.6518061090577696,4.209742110462744
-3.2908985862800164,4.538969255308354
-3.6176161268891986,5.0239800655274705
-3.451384451079611,5.570106631760965
-1.299581710948413,2.84706905304482
0.09631855740990947,5.416618467771585
1.197312073371965,6.5430433935714465
2.0248998095733555,9.466099094547546
1.0735356875694175,10.072939457459514
0.5725797592277535,11.15063504725504
-3.1801033776446053,8.070039336260262
-3.772397926985428,8.50608336414177
0.07764157252690396,7.28595042474797
-1.044323617988247,10.313516991170541
-3.8377835477801527,10.607901439477315
-4.659291058494061,11.896854595301912
-3.7788793203835818,9.866206916247018
-4.26368103750268,11.073477735241315
-2.138605274794778,9.935596141684588
-2.7709828267165917,10.299288181314418
-5.172142797786879,10.734296199674363
-5.741640665047984,10.48775808666548
-7.376769847463999,11.152127923769136
-7.881301185955312,11.122151079187523
-5.179444256680144,10.578225843464727
-3.2181509851391805,11.051711075368289
-5.489795838077628,6.525881860245799
-3.703211731466407,6.262699031748202
-1.9328412643819883,4.460522086584031
-1.4348791198732378,1.563821440549305
-2.461876391082667,-1.64403457767084
-4.501397839791735,0.2376252223274642
-4.6313926424013765,0.2560170826902178
-3.8688091430844986,-2.7117017875415783
-1.8399276042151214,-2.9291075573737957
-2.718612957389683,-6.925841612716429
-5.683665424894398,-6.987856725353076
-6.219139242453199,-7.201971552231425
-5.968097041632554,-8.5115668449128
-6.453637303437211,-9.108623590313597
-7.304018461501511,-10.620789445859135
-10.259385571986513,-12.097287850928979
-10.38460263913479,-14.093190378514386
-8.966185309186828,-9.987739770813551
-8.569898207214987,-6.798390282435369
-10.819893260630417,-5.081636051349819
-10.157352920277672,-8.570280015700273
-11.185023746417993,-9.261811327329234
-5.631212660634117,-6.344349513702115
-5.889045709389161,-3.0233054875006835
-6.015402501372498,-3.1068437535284277
-4.024326530719953,-4.684551958997127
-1.6943098756091737,-1.8063442841461668
-4.61848698001241,-1.441054405202328
-3.5694964630884627,-2.7626897093716343
-3.4250446150466938,0.5893039305024077
-3.0067944121987082,2.111042642861742
-2.8213323670856885,2.789773049103138
-3.4294077561546885,0.4343337489844008
-2.0507780611156896,0.5245816187826596
-4.821105400352036,-0.9302115844481521
-5.034277346885025,2.717124258518712
-5.746579976584457,3.7727852040343794
-7.938236701700381,2.72710048036992
-7.403826072162799,2.793716661631365
-7.821753510769385,3.5139600990026105
-7.165066008273394,1.925197976734829
-9.22053719910311,4.564747098470111
-8.403864709637999,6.154828500628011
-8.000491709599075,2.6005548787391692
-6.743743862902077,1.7207415571632376
-8.551520293883643,1.4164699688320261
-9.036012981427355,0.9270237978483473
-7.670884664854748,4.392127782181897
-9.074616274827344,6.499823216583936
-12.010454316467033,6.063092388904773
-7.436436182461155,6.102137142921939
-7.725781196424773,8.34984160410957
-4.109423671659665,6.407114218210539
-8.396111566482471,4.627358210557576
-5.821471262699891,3.555884724576976
-6.880572611214423,3.439385798388351
-3.0443111454273972,3.464967817034348
-1.9595634258522696,5.535719880368475
-1.4626187097152306,4.62209914959143
-0.3637964172615016,2.379566299092657
-0.6444052539178402,3.9331790830215754
0.016034413250090473,5.689244001389146
0.7192964720562715,2.9919296200235754
2.3347178371417794,3.9697261370879837
0.4176370725195082,4.904712823861256
1.2876477055104867,6.572971081704063
0.8656678510810999,6.8200616010404245
-1.3010366479520625,8.122861208080847
-1.0759579085567361,6.329286754261766
-0.9793147823503746,3.489247876730964
-6.17613232061362,5.824655305806901
-5.721529238352087,5.907244001489515
-1.8216111917718627,7.473415375202265
0.3532738822478856,6.151391488013644
0.1314635934161494,2.968599747977772
2.2865267172823893,1.7373439644778585
3.1059709036431666,-0.09220479792145508
6.026903766842862,1.1577131627530834
7.096571955480108,0.0693614018482136
6.390088502945354,-0.9298000478448035
4.866943027263849,3.1193674203771464
3.5221360545870177,2.154804756895962
1.8346246371990638,2.5889878966677546
-4.261833604175588,-0.6730617631945037
-1.0603867472141921,1.5431718380207666
-0.038486752367021815,2.7030295447607937
-3.600353928493724,2.2221109550211384
-0.3525305684891582,-0.043812480192798375
-0.28255564788506227,0.9737863741039141
-1.6390442917943542,1.684640345798957
0.22649983187190448,3.3865795991444854
-0.9898588784890774,2.961656932857526
2.0532843546067423,3.2798462301157794
5.958423624409005,3.5262773410714576
2.4661771979605223,-0.5970551112952567
3.373419429328431,-2.8441240698203476
3.5761822773349543,-3.594580163499001
5.079939628666706,-3.2095525539824354
7.625916291015583,-3.6385161871127867
8.457816134060387,-2.277227521363393
15.337645521451623,1.0445872711173902
12.980730718001972,2.217393161106936
15.484652695780245,3.1341526095642496
15.804103940400474,2.8659040885071847
11.032728034036536,-0.83893733817888
10.595486483163691,-2.267015324484752
8.994274417619296,-2.2389746161854425
8.586227575346571,-0.5966144024785003
7.981847716787569,-3.162290617157975
6.991799601514627,-5.036964532518471
8.654282088749811,-8.895811421416328
9.417805655883198,-11.447347582471807
10.749800745495104,-10.907559511305694
10.968618288871925,-10.684154150318616
12.36865076735954,-10.253664979234102
11.419158531230842,-9.99826784594724
8.713474606843237,-12.482598445263736
7.424588158786861,-13.551203093269848
7.783956387182613,-13.422847662649545
7.814267134323079,-12.61723299572311
9.465755874552066,-14.777555948001318
10.619155953842899,-14.787677724770056
11.039377922375637,-14.009846724619225
11.290263912773144,-15.472446864332106
11.375262664952412,-17.94019879673624
13.911567244540358,-17.78461802514861
16.86647670041476,-18.646989637964456
16.085914610751985,-20.974492953729516
15.580951758749906,-20.382746416984762
15.326241138530595,-22.380449014730296
13.217251123415311,-25.151310834664518
13.385582352520903,-25.140070944333605
11.568905155392022,-23.64869048375828
10.31700161924168,-24.4503570056807
10.360686575175517,-22.804958930757763
14.552582026865387,-20.767725576544105
13.389858552638762,-19.76671513063519
12.31324986298214,-16.25825822967402
12.53498072418953,-15.224943656631785
11.825259907098078,-11.880417483056167
9.320872192405746,-8.41555841451595
7.975167181380027,-6.008670539106795
8.600408130789368,-8.200279705255857
9.645432399456025,-9.660331197126968
11.880216193450211,-8.87429796168838
12.534501343903331,-10.543601138440312
10.016566882969997,-14.053727046241686
13.42972893508428,-12.206408866360492
12.31023609970982,-8.869953476291622
14.865568097010843,-7.065450681117037
14.436363314661568,-7.679434562279048
17.686284558461033,-4.997844336458003
15.382726708794921,-3.2188998673805127
15.784044484994705,-4.563664826882329
11.991867012680125,-2.0934535503878435
9.91200525262315,-0.4016491097180035
11.195553130255988,-0.017128103487277835
10.549514654500909,4.324835818489886
10.248554152089431,4.644989671014768
9.548498810934964,5.32362864631373
12.18732414453885,4.3847128659195125
9.386942818035896,4.495535147647676
8.838881038295263,4.075065225452778
7.041409288671466,3.0644043895358126
3.2428919925319906,3.5077591356020115
-0.37690775947301436,3.9173202901571
-0.04407940068477506,2.983103938463697
-3.3872981790770242,1.8105622983412897
-3.3610327998145646,2.2842332276774626
-1.2001994318222464,-2.0736011511795343
0.794213200956958,-3.149099655192458
1.1877701131223544,-0.3796116258042628
0.8316213628629961,-0.5527292300957727
2.5187649941484946,-0.8947020880702539
3.6626577051614175,-3.5685182133990527
4.819448127073981,-2.0816407466153715
2.3966286919371917,-3.3889555707276706
7.274518704274554,-2.6872105105219624
6.560802480288094,-2.6408422842004247
7.511329015104622,-5.152294942239697
8.733395680357727,-5.244814339243442
5.788780290439744,-3.130021871410425
6.783782775162675,-2.962018569532579
4.674538820288911,-4.129609315886702
6.868203239965659,-3.0024935966125623
2.84612895265703,3.3307090112595494
2.765034848677827,3.3126145521363486
2.6966863204246825,3.3617372811749777
2.6143242053324878,3.5268714242299453
2.7361721079638257,3.7190646052752565
2.7592231909967646,3.785448327543155
2.7893428743223536,3.833280357376428
2.80402805724832,3.871133787652958
2.5613599246341656,3.946688353105318
2.510655597456399,4.009059226425742
2.4120989916484703,4.075206558227382
2.2664131787496555,3.9901921879102686
2.419575011845325,4.109688868864437
2.360863088265597,4.213842647781869
2.311803393602965,4.018564002811907
2.397085818062934,3.989271057677068
2.481950719219797,3.786866344703157
2.575856067439594,3.817920211294824
2.6368277341576736,4.000465944447696
2.537389327540064,4.011055489515453
2.6953261184022854,3.946493387807719
2.6014960156020055,3.8573329998525687
2.8505725829722954,3.9214842677990585
2.8342359632080685,3.9478828687608076
2.6283791042160165,3.9949308199045483
2.6872460263541655,4.016546981234318
2.8654485797583993,4.093568643686353
2.6974979757460025,4.192960173424038
2.9017556116616365,4.052961499535692
2.9292649846157226,3.9972158859212708
3.1508238636315276,4.085001396357033
3.1509929810191823,4.226850103641665
3.2527275296655542,4.270938303432177
3.3170520971228608,4.456369831629618
3.4608750737077205,4.628418222005267
3.3932971974866764,4.563658772473685
3.2713357458885657,4.604638961130669
3.3194013437384666,4.549282111568512
3.3273210791589674,4.652322825209362
3.334944628942433,4.655855571673971
3.255549121872346,4.730583068846366
3.155495817915363,4.874461017762197
3.235690199009438,4.9860190394336925
3.236339651420163,5.059816078275641
3.3514429732035427,4.953821136102853
3.464986068394467,5.132745971683204
3.658234121749962,5.236048376104598
3.7668981056300495,5.20103802368891
3.8002948724851517,5.464238813324445
3.7125096355943508,5.452008996791275
3.628730302006514,5.2934412684732886
3.603102579483753,5.218632794889326
3.539776399779016,5.124262904750546
3.5565453533997955,5.350362367878049
3.436110114404502,5.335795976738164
3.3787416758864635,5.329414915383637
3.4487489470656616,5.254595943811772
3.47840574089583,5.253720328518278
3.4804384700090876,5.225126170006306
3.5574374753427427,5.228307709088923
3.5724613074434357,5.299699756312215
3.3510804584431377,5.254592883597614
3.245290211108157,5.190617677164825
3.0995444605209865,5.031573408569418
3.355530535584837,5.068615906654405
3.2140883036006196,5.066732658939565
3.2789918932302364,5.128153686377922
3.3524859987441515,5.172911438214021
3.279346790881961,5.206784177325774
3.228284491736565,5.155563734593916
3.269960395843516,5.34293150945916
3.4085449893780444,5.433152760633838
3.465037456110872,5.258689229752649
3.50261977432867,5.267212230728332
3.444309448152903,5.3215091636060885
3.4655749804667906,5.405734859651725
3.5372445491895554,5.448372558385352
3.6771989679828083,5.496095829955133
3.7366187268355557,5.537156784646632
3.7917046114978197,5.360300435758595
3.6887833746469103,5.4712607911340285
3.667004862881625,5.31354843650575
3.5334633366290036,5.386734986847591
3.654236438528967,5.457021270555795
3.790605486944336,5.283588517082006
3.7116569240588,5.327255684673749
3.6830218558561554,5.396204631863471
3.6754542857741357,5.409635177289319
3.6900981702212525,5.642688750950749
3.775427004805466,5.785826636674486
3.989223307912356,5.957366325810465
3.9927463549531614,5.9380964817501765
4.18468796736112,5.990406448967191
4.129803353918431,6.108648459077875
4.102993617759097,6.124777543030789
4.271023576026395,6.308477668541848
4.308474804959378,6.475944878197601
4.231782329034571,6.4976301974460995
4.134745357909789,6.49453160231437
4.072737934845437,6.5337079215047
4.239460579324784,6.280728015968001
4.220247792496654,6.329373593466002
4.259373286908339,6.243531589230108
4.136999491216913,6.2111446123829515
4.142431273041916,6.1525413695649975
4.109723498625042,6.149921284526207
4.131183270759675,6.340473474578344
4.09249643719923,6.31025933412241
4.163395284306874,6.266726902383285
4.094331985636404,6.262615386133936
4.304158919652055,6.1988297950812195
4.344128157736274,6.249895737542576
4.345303094905432,6.360527048349768
4.60868271005286,6.449437083510122
4.6594746442871795,6.475060915298739
4.841801269493643,6.512192285565326
4.784393779970627,6.52967431718233
4.981799074347733,6.498648673661262
4.971818695650516,6.532804123107781
4.9519561958634375,6.619629138066045
4.89622867369665,6.713959736076385
4.895270567522859,6.796335896316705
5.021438207734156,6.9166714014390696
5.053711670780166,6.965156484359789
5.147066712463177,6.9362167493017175
5.205891145437066,6.839806063032745
5.257959834341368,7.173769157826213
5.276698867237806,7.330197784904979
5.530738301156465,7.515017339183866
5.589334083253117,7.448313057179886
5.729906258979396,7.671917371958741
5.6826382522595384,7.695305154180722
5.760380062601682,8.072467573987005
5.905000262614968,8.116371644310224
5.841273597210938,8.002196039283687
5.862903133709036,8.03328271173226
5.820865476402731,7.943617876548398
5.71773651910188,7.994443690052259
5.753288743252162,8.118920520271404
5.970525804193938,7.959469826258461
6.0469678346366775,7.874582506598021
6.189858005157583,7.856512431548845
6.309112920123544,7.866338944665742
6.2526903607813065,7.676761837867262
6.208083164380607,7.72721925222233
6.064533903122907,7.713609957894928
5.964555634573405,7.841046630279919
5.961794583948405,7.8011260309256105
6.1253577640111505,7.733209404725101
6.02417512273007,7.756839471454355
6.2269191862643085,7.6968252512991855
6.053356825929685,7.6863799025642825
5.985540688946101,7.497132946061402
5.9144100900989915,7.48949847932476
6.042445278234569,7.490230485526078
6.08854745001199,7.682084634876481
6.413174482407186,7.573664974216036
6.381438737739832,7.622764812944656
6.4702410572853974,7.655529533389173
6.551925638295339,7.6995385715773565
6.446401187163103,7.850805210886871
6.596122063111726,7.898107771430248
6.479941807697209,7.778113375846729
6.548676182046641,7.8093748727997765
6.636740381007251,8.002478409420853
6.527547302921764,7.994022989151254
6.606957743619189,8.132732611382567
6.749981683683619,8.138185378533027
6.805310461574545,8.035511364691718
6.928126508940626,8.021472702656043
6.942162113385196,7.958883376631322
7.012336037920673,8.13000449607636
6.904202147213887,8.119961495532678
6.814169661458996,8.163029233071438
6.784383776811768,8.18506178617633
6.826979746466919,8.149700133781577
6.93282000182138,8.312512294394518
6.967912278778298,8.340742562471863
7.071331697228766,8.4333112041029
7.170232416888457,8.551906127927994
6.928712126598144,8.528646737712089
6.8239260150753145,8.648569719054917
6.998897381393566,8.722001747555774
7.243157334442818,8.557416987323743
7.265731162635354,8.37837127554099
7.277332591496028,8.538166046582086
7.37111837156446,8.483974283552415
7.4101185650197925,8.43409073136051
7.616413472108567,8.508898206554019
7.613884613495505,8.734898954687392
7.719344586767813,8.765277876678443
7.6882824657813895,8.747907154260812
7.672900485641747,8.602160708993372
7.755580225312725,8.524439406139196
7.7660317225943825,8.60411823276127
7.641723926936999,8.649390918666032
7.709811838918366,8.724449615803637
7.845715764985006,8.658860560052629
8.005411678460272,8.54831926225422
8.060812336971543,8.434027515101759
8.07142752428285,8.386855184235042
8.015999396335468,8.264779259530433
8.086194550662075,8.152378419316674
8.068588391728808,8.150472400228894
8.359615977593288,8.025266704475074
8.360658474668117,7.936413530962141
8.508571121675667,7.982408848527051
8.400254986865509,7.83522660572966
8.539390412736118,7.729949076217535
8.521773183467548,7.544722143816162
8.454044640483014,7.5518792568491335
8.6791938845125,7.694611748269029
8.564555096055399,7.734642893791606
8.558775207046109,7.715319973494353
8.694269822924111,7.834910555576356
8.549573071410554,7.866053273485479
8.283240094547182,7.723005014844678
8.383132730487647,7.64718558739186
8.452097427539616,7.597307540727984
8.657667231804556,7.574697770908796
8.682715868200498,7.664405689776371
8.617347570372855,7.619407647474811
8.794869866478507,7.301991915553677
8.7230552434485,7.210450954709639
8.599873178654901,6.982106098208189
8.830793395185621,6.926268271278015
8.815676123449784,7.035574516735533
8.975626942643022,7.103059770332814
8.873503857274924,7.128569586273983
8.833954649983248,7.2874534431970694
8.808255989324428,7.210311768179601
8.70673574159591,7.1997427071835665
8.653534418499572,7.269043885256058
8.518080174356212,7.328823463759687
8.691256773982468,7.436263839940884
8.650089681278612,7.3768251100156546
8.745688063983522,7.422663733358519
8.711663566988578,7.351031173304416
8.79745684105402,7.265122921079502
8.834176645491661,7.243294889948516
8.704939621891045,7.0920827337825765
8.747674486380404,7.182292045723518
8.791092071408114,7.29499936532217
9.21784992573373,7.285398551825608
9.129790666367784,7.2794216947625765
9.12117927104728,7.240279010573181
8.859842321973392,7.049348504090629
8.830239696325261,6.908823629101553
8.748559924122041,6.557922416752509
8.825649111026719,6.568187198879457
8.821448496682217,6.502016020657238
8.752105295296944,6.356250670718941
8.825794259542317,6.531441981051868
8.836113050028615,6.323661006417449
8.747492275036194,6.345777324472687
9.047614235477171,6.3535454076751705
9.004760120340604,6.262122627993799
9.042595952623545,6.322126367367142
8.988664384370667,6.409486270974134
9.053561617656069,6.286606949984155
8.985831900506778,6.38533137098658
9.043642255939877,6.173619323140652
9.160316783178663,6.23059514263727
9.171149051313604,6.160553436444822
2.3578869122225794,3.9026281673914016
2.59827017531473,3.6705021372112308
2.8804023536711494,3.5553752917677777
3.0636970399523467,3.4890568320005033
3.067842592377848,3.5168008668088673
2.982618513858658,3.612441219212823
2.835060811550517,3.5210675151515423
2.68041434311968,3.520402807513396
2.2856898036744706,3.4127146397203707
2.1976193214507993,3.569519105822886
2.008819729953058,3.4632054934995433
1.9805950096169522,3.6035098056038226
2.110608877383043,3.7230576455988205
1.9820193054964053,3.5847985971800265
2.0651791885688726,3.5725258529099944
2.021296039265973,3.4420675489620116
2.060076148240595,3.2933924015337057
2.2049434951068543,3.5684676009166996
2.2104340653614254,3.5143883999047443
2.459010173314806,3.4429516240730127
2.351506337961191,3.617138916076925
2.3430327106089717,3.3479432507976767
2.418362719020746,3.4471826769085907
2.174007800972731,3.6568310680711944
2.109579877421677,3.5584068520029133
2.06378178387448,3.5628481628769224
2.199123927852417,3.8280783382915113
2.117008711403654,3.906592763936644
1.7994666301836433,3.929666191260919
1.5435480051657364,3.9557522750302665
1.6655622227409312,4.0972534829717535
1.3648431803131464,4.051144156349336
1.2469614091809784,4.049780486692942
1.2529054904309769,4.051967037799229
1.4545941394412882,3.874298879317303
1.2939479584543478,4.094821508253422
1.3028801803578465,4.327597385287848
1.3404664197725025,3.9777239481653774
1.2801466779090087,4.2554339146937625
0.9291204342339512,4.141631444874611
0.7122700953155717,3.9521390983056395
0.8703328240563118,4.022402469974537
0.699831733987846,3.7970529450065893
0.6814428445566669,3.733022432515252
0.7516387237368475,3.8588860293581333
0.8445044943022088,3.790579479706575
0.710705869130932,4.006678558315643
0.816582625225176,4.083052698264785
0.6696386118248787,4.004351898311464
0.7020776756593704,3.773129386398601
0.6684087345846423,3.918550533565825
0.9255996891882865,4.188199552007328
0.7746471500914647,4.2611308557736916
0.9873442670681658,4.1776321765761795
1.1155794112422328,4.0994469060670395
1.2162288403518475,4.05619429194257
1.4548733017660878,3.632874329906322
1.1332064553922219,3.714172518383622
1.2163967392869377,3.7751481740192045
1.1042300853980973,3.808643452070788
1.2511339337562994,3.7740817664016144
1.1983164693877566,3.7619642843510936
1.11194682376148,3.5052055579613177
1.3243118376644532,3.595047679491247
1.0620524060180738,3.4706619771072638
1.0540033470230898,3.2476004860335816
1.2107615546607882,3.3342527889253133
1.369035286942257,3.3107491298719838
1.3986687350362328,3.0064551323725834
1.2749747821767687,3.0619503438782716
1.037804586451895,3.095616110837491
1.1662534843359373,3.3068551461325817
1.3269983428959282,3.104601166273967
1.136088531159148,2.9436592026154043
1.1867658941673176,3.0164653200115876
1.1008435562844332,3.1494711173517898
0.7992154340891846,3.1298761429216175
0.8306206095208359,3.328959604039328
0.6672512765756986,3.2220878248707865
0.6432450660079352,3.151812639169546
0.7565295825324471,3.5541244056530905
0.5262098246440554,3.6169630597173734
0.4406570732394724,3.7318527533429795
0.5797275317416959,3.972674765591498
0.29511779113845893,3.9996386866184266
0.4651633925718146,4.229879630427412
0.5963603018937207,4.228334936607286
0.47926536221489485,4.153812080174229
0.5878294225986859,4.328691681101184
0.6234814720608436,4.308722552176858
0.5405590173599665,4.450733557863547
0.2756030741875767,4.256430790999665
0.29993347558653605,4.073419028521001
0.17692464843138273,4.089819781395806
0.2485213376322432,4.10467258630492
0.25333961601763794,4.270814994295471
0.3572283362343987,4.3243407775789775
0.17401447294144168,4.209526507115956
0.003904018131905662,4.353534478134301
0.07779156232310891,4.52707809929925
0.09789864075603961,4.377584194411512
0.08379578795460822,4.545917300566829
0.09957822190539797,4.656109071227828
-0.08345388155685296,4.569474594966631
-0.3774787734698293,4.6670892727444055
-0.44031978034765823,4.635482484725318
-0.33027092248067047,4.595069348700842
-0.3893676104799684,4.505229090433797
-0.13481968798353278,4.622386993056379
-0.03625709732077506,4.579840695224546
0.02829829982387569,4.669007163471924
0.03694161798964059,4.586090684496094
-0.04727650905666167,4.530015221348845
0.16670204560625043,4.245886860298523
0.3719611300200112,4.223052341154355
0.5716799472562833,4.2545563376570135
0.5345155710212253,4.302004491761427
0.6862621293590345,4.293252956813171
0.5610329129735998,4.42282641745308
0.9051111278187562,4.481959627912143
0.9508254750488703,4.342077930022722
0.9170159823308879,4.54167424376742
1.0907485971484117,4.585940567444126
1.0935603471731525,4.768482315493225
1.2411651499357748,4.897723207945007
1.0809578749098887,5.058904374701498
1.233020607559382,5.124243312146311
1.5711686731056287,4.990173573661304
1.4591393709132487,5.090854435343363
1.583941233075551,4.874019522296022
1.6639133967694506,4.81385956860739
1.496978292742068,4.635949777864863
1.5555911000034843,4.533598141569695
1.514059514553334,4.408408457976728
1.6516465183915074,4.280920721379893
1.8173364065588633,4.472437147971225
1.962504604304873,4.625998605333384
1.9320382055822547,4.777372843789779
2.149038782492581,4.89609745089953
2.123154173571921,4.87178091192684
2.166916910216195,4.968522784094621
2.042579763712416,5.13610534159328
1.793434498745409,5.196895078905152
1.8005442863507382,5.289966991878747
1.7756297128816694,4.8595859559658665
1.703373016524742,4.755624858184297
1.727933824635846,4.555848397727986
1.52485507491944,4.590148291575274
1.8086346541135525,4.6957692619164995
1.8513744838167325,4.696228426008705
1.7741438077178742,4.69651423587512
1.949126023992874,4.583438147845027
2.076500047838785,4.549980955632013
2.0176139203232117,4.4862899961406
2.202400789948428,4.561465783002552
2.00475781122037,4.5244101503410175
2.1566430106524055,4.631765615280002
2.3359610268785582,4.690529945570949
2.4158523091745825,4.813917239286715
2.2952544943294133,4.73805628826885
2.2875507895366636,4.5595289477149334
2.3095371651295253,4.5877713019673
2.1411391822682515,4.429152605954029
2.1258988661911435,4.499733391426299
1.8470551616074524,4.506326611073371
1.6652188811184345,4.245825600839898
1.724683107595499,3.8987158300654996
1.6946546019345556,3.798536016582144
1.8101792913566468,3.8789744967021758
1.8538269958041016,3.7754458117708682
1.702239001343694,3.82005559922527
1.5882555341160058,3.795021121405178
1.8417350133392332,3.7785425280768674
1.6752544337662303,3.655282948400461
1.7776831203242767,3.7362259681763095
1.6460226685398467,3.981837513368856
1.808492239612129,4.056435255970353
1.6684564975658605,4.050999106042635
1.673212109550431,4.047663697260753
1.806921665448487,3.936642011551727
1.9103029481273026,4.078282451502111
1.7759028781248523,3.9112541226169806
1.637740171815851,3.920399022089011
1.2869291264485307,3.994734475231701
1.3727433267401608,4.0033682269045965
1.442285122551069,4.126479655809319
1.583334597384541,4.014119680419439
1.5710617318091913,3.976959934237434
1.317398134917493,3.92149349486508
1.0370075972692054,4.024480490141606
1.057575777588833,4.102753244324537
1.0794235097134561,3.9202603181921636
1.0961108313250074,3.9810109157477247
1.074358504283522,3.7256191345412493
0.9982757206114571,3.790755371345089
1.1796501368824164,3.791486061812896
1.1023098672009026,3.8495692404369852
1.3061411421340994,3.908961002158597
1.1801790931768046,4.072062409088973
1.1309654205158213,3.94521517377147
1.1767869653711205,3.924697199562214
1.2765418532945647,3.92298772050791
1.374005082581184,3.841241725034731
1.9618985466956742,3.725313433678343
2.06713579880342,4.120509809218589
2.163355075056212,3.974551376535859
